﻿<?xml version="1.0"?>
<doc>
<assembly>
<name>
Perfect60
</name>
</assembly>
<members>
<member name="T:Perfect60.My.Resources.Resources">
<summary>
  A strongly-typed resource class, for looking up localized strings, etc.
</summary>
</member>
<member name="P:Perfect60.My.Resources.Resources.ResourceManager">
<summary>
  Returns the cached ResourceManager instance used by this class.
</summary>
</member>
<member name="P:Perfect60.My.Resources.Resources.Culture">
<summary>
  Overrides the current thread's CurrentUICulture property for all
  resource lookups using this strongly typed resource class.
</summary>
</member>
<member name="P:Perfect60.My.Resources.Resources.Empty">
<summary>
  Looks up a localized resource of type System.Drawing.Bitmap.
</summary>
</member>
<member name="P:Perfect60.My.Resources.Resources.icon_class_druid">
<summary>
  Looks up a localized resource of type System.Drawing.Bitmap.
</summary>
</member>
<member name="P:Perfect60.My.Resources.Resources.icon_class_hunter">
<summary>
  Looks up a localized resource of type System.Drawing.Bitmap.
</summary>
</member>
<member name="P:Perfect60.My.Resources.Resources.icon_class_mage">
<summary>
  Looks up a localized resource of type System.Drawing.Bitmap.
</summary>
</member>
<member name="P:Perfect60.My.Resources.Resources.icon_class_paladin">
<summary>
  Looks up a localized resource of type System.Drawing.Bitmap.
</summary>
</member>
<member name="P:Perfect60.My.Resources.Resources.icon_class_priest">
<summary>
  Looks up a localized resource of type System.Drawing.Bitmap.
</summary>
</member>
<member name="P:Perfect60.My.Resources.Resources.icon_class_rogue">
<summary>
  Looks up a localized resource of type System.Drawing.Bitmap.
</summary>
</member>
<member name="P:Perfect60.My.Resources.Resources.icon_class_shaman">
<summary>
  Looks up a localized resource of type System.Drawing.Bitmap.
</summary>
</member>
<member name="P:Perfect60.My.Resources.Resources.icon_class_warlock">
<summary>
  Looks up a localized resource of type System.Drawing.Bitmap.
</summary>
</member>
<member name="P:Perfect60.My.Resources.Resources.icon_class_warrior">
<summary>
  Looks up a localized resource of type System.Drawing.Bitmap.
</summary>
</member>
<member name="P:Perfect60.My.Resources.Resources.Perfect_60_Back">
<summary>
  Looks up a localized resource of type System.Drawing.Bitmap.
</summary>
</member>
</members>
</doc>
